﻿<?xml version="1.0" encoding="utf-8" ?>
<Defs>
    <BiomeDef>
        <defName>TKKN_Desert</defName>
        <label>desert and salt fields</label>
        <description>A very dry area which supports little life. Salt fields are here. Deserts can be hot, or quite cold.</description>
        <workerClass>TKKN_NPS.NPS_BiomeWorker_Desert</workerClass>
        <animalDensity>0.25</animalDensity>
        <plantDensity>0.05</plantDensity>
        <settlementSelectionWeight>0.55</settlementSelectionWeight>
		<forageability>0.15</forageability>
		<foragedFood>RawAgave</foragedFood>
        <texture>TKKN_NPS/World/Biomes/Saltfields</texture>
        <implemented>true</implemented>
        <diseaseMtbDays>80</diseaseMtbDays>
        <diseases>
            <li>
                <diseaseInc>Disease_Flu</diseaseInc>
                <commonality>100</commonality>
            </li>
            <li>
                <diseaseInc>Disease_Plague</diseaseInc>
                <commonality>80</commonality>
            </li>
            <li>
                <diseaseInc>Disease_FibrousMechanites</diseaseInc>
                <commonality>30</commonality>
            </li>
            <li>
                <diseaseInc>Disease_SensoryMechanites</diseaseInc>
                <commonality>30</commonality>
            </li>
            <li>
                <diseaseInc>Disease_GutWorms</diseaseInc>
                <commonality>60</commonality>
            </li>
            <li>
                <diseaseInc>Disease_MuscleParasites</diseaseInc>
                <commonality>60</commonality>
            </li>
        </diseases>
        <terrainsByFertility>
            <li>
                <terrain>TKKN_SaltField</terrain>
                <min>-999</min>
                <max>0.3</max>
            </li>
            <li>
                <terrain>Sand</terrain>
                <min>-999</min>
                <max>0.6</max>
            </li>
            <li>
                <terrain>Soil</terrain>
                <min>0.6</min>
                <max>999</max>
            </li>
        </terrainsByFertility>
        <baseWeatherCommonalities>
            <Clear>18</Clear>
            <Rain>2</Rain>
            <TKKN_DryDustStorm>2</TKKN_DryDustStorm>
            <TKKN_DustStorm>2</TKKN_DustStorm>
            <SnowGentle>1</SnowGentle>
            <SnowHard>3</SnowHard>
        </baseWeatherCommonalities>
        <wildPlants>
            <Plant_Grass>6</Plant_Grass>
            <Plant_SaguaroCactus>1</Plant_SaguaroCactus>
            <Plant_PincushionCactus>1</Plant_PincushionCactus>
            <Plant_Dandelion>0.5</Plant_Dandelion>
            <Plant_TreePoplar>0.45</Plant_TreePoplar>
            <Plant_Agave>0.25</Plant_Agave>
            <Plant_Bush>0.25</Plant_Bush>
		<TKKN_SaltCrystal>2</TKKN_SaltCrystal>
		<TKKN_PlantBarnacles>2</TKKN_PlantBarnacles>
        </wildPlants>
        <wildAnimals>
            <Gazelle>0.1</Gazelle>
            <Emu>0.02</Emu>
            <Megascarab>1</Megascarab>
            <Iguana>0.7</Iguana>
            <Dromedary>0.5</Dromedary>
            <Boomalope>0.2</Boomalope>
            <Ostrich>0.2</Ostrich>
            <Rat>0.30</Rat>
            <Cougar>0.02</Cougar>
            <Fox_Fennec>0.02</Fox_Fennec>
        </wildAnimals>
        <allowedPackAnimals>
            <li>Muffalo</li>
            <li>Dromedary</li>
        </allowedPackAnimals>
    </BiomeDef>
    <BiomeDef>
        <defName>TKKN_Oasis</defName>
        <label>desert oasis</label>
        <description>A large amount of water surrounded by a very dry area. The oasis itself has rich soil and lots of animals, but is surrounded by extreme desert.</description>
        <workerClass>TKKN_NPS.NPS_BiomeWorker_Oasis</workerClass>
        <animalDensity>0.35</animalDensity>
        <plantDensity>0.05</plantDensity>
		<forageability>0.9</forageability>
		<foragedFood>RawAgave</foragedFood>
        <settlementSelectionWeight>0.9</settlementSelectionWeight>
        <texture>TKKN_NPS/World/Biomes/Oasis</texture>
        <implemented>true</implemented>
        <diseaseMtbDays>80</diseaseMtbDays>
        <diseases>
            <li>
                <diseaseInc>Disease_Flu</diseaseInc>
                <commonality>100</commonality>
            </li>
            <li>
                <diseaseInc>Disease_Plague</diseaseInc>
                <commonality>80</commonality>
            </li>
            <li>
                <diseaseInc>Disease_FibrousMechanites</diseaseInc>
                <commonality>30</commonality>
            </li>
            <li>
                <diseaseInc>Disease_SensoryMechanites</diseaseInc>
                <commonality>30</commonality>
            </li>
            <li>
                <diseaseInc>Disease_GutWorms</diseaseInc>
                <commonality>60</commonality>
            </li>
            <li>
                <diseaseInc>Disease_MuscleParasites</diseaseInc>
                <commonality>60</commonality>
            </li>
        </diseases>
        <terrainsByFertility>
            <li>
                <terrain>Sand</terrain>
                <min>-999</min>
                <max>999</max>
            </li>
        </terrainsByFertility>
        <baseWeatherCommonalities>
            <Clear>14</Clear>
            <Rain>2</Rain>
            <DryThunderstorm>1</DryThunderstorm>
            <RainyThunderstorm>1</RainyThunderstorm>
            <TKKN_DustStorm>3</TKKN_DustStorm>
            <TKKN_DryDustStorm>3</TKKN_DryDustStorm>
            <SnowGentle>3</SnowGentle>
            <SnowHard>3</SnowHard>
        </baseWeatherCommonalities>
        <wildPlants>
            <Plant_Grass>3</Plant_Grass>
            <TKKN_PlantTreeBaobab>.5</TKKN_PlantTreeBaobab>
            <TKKN_PlantTreeGum>.5</TKKN_PlantTreeGum>
            <TKKN_PlantCactusPricklyPear>.3</TKKN_PlantCactusPricklyPear>
            <TKKN_PlantCactusSanPedro>.5</TKKN_PlantCactusSanPedro>
            <TKKN_PlantCactusBarrel>.5</TKKN_PlantCactusBarrel>
            <TKKN_PlantDesertShrubA>1</TKKN_PlantDesertShrubA>
            <TKKN_PlantDesertShrubB>1</TKKN_PlantDesertShrubB>
            <TKKN_PlantSucculants>.5</TKKN_PlantSucculants>
            <TKKN_TreeOcotillo>.3</TKKN_TreeOcotillo>
            <TKKN_PlantWildRice>.6</TKKN_PlantWildRice>
            <TKKN_PlantCatTails>.6</TKKN_PlantCatTails>
            <TKKN_PlantLilypad>.5</TKKN_PlantLilypad>
            <Plant_PincushionCactus>.5</Plant_PincushionCactus>
            <Plant_Dandelion>0.2</Plant_Dandelion>
            <Plant_TreePalm>0.3</Plant_TreePalm>
            <Plant_TreeBamboo>0.3</Plant_TreeBamboo>
            <Plant_Agave>0.3</Plant_Agave>
            <Plant_Bush>0.25</Plant_Bush>
		<TKKN_SaltCrystal>2</TKKN_SaltCrystal>
		<TKKN_PlantBarnacles>2</TKKN_PlantBarnacles>
        </wildPlants>
        <wildAnimals>
            <Gazelle>1</Gazelle>
            <Emu>0.2</Emu>
            <Megascarab>1</Megascarab>
            <Iguana>0.7</Iguana>
            <Dromedary>0.5</Dromedary>
            <Boomalope>0.2</Boomalope>
            <Ostrich>0.2</Ostrich>
            <Rat>0.30</Rat>
            <Cougar>0.4</Cougar>
            <Rhinoceros>0.02</Rhinoceros>
            <Fox_Fennec>0.02</Fox_Fennec>
        </wildAnimals>
        <allowedPackAnimals>
            <li>Muffalo</li>
            <li>Dromedary</li>
        </allowedPackAnimals>
    </BiomeDef>
</Defs>