<?xml version="1.0" encoding="utf-8" ?>
<Defs>
  <JobDef>
    <defName>TKKN_RelaxSpring</defName>
    <driverClass>TKKN_NPS.JobGiver_RelaxInSpring</driverClass>
    <reportString>relaxing in a spring.</reportString>
    <joyDuration>4000</joyDuration>
    <joyGainRate>1</joyGainRate>
    <joyKind>Meditative</joyKind>
  </JobDef>
  
    <JobDef>
		<defName>TKKN_GoSwimming</defName>
		<driverClass>TKKN_NPS.JobGiver_GoSwimming</driverClass>
		<reportString>going swimming.</reportString>
		<joyDuration>4000</joyDuration>
		<joyGainRate>1</joyGainRate>
		<joyKind>Meditative</joyKind>
	</JobDef>
    <JobDef>
		<defName>TKKN_DryOff</defName>
		<driverClass>TKKN_NPS.JobGiver_Dryoff</driverClass>
		<reportString>drying off.</reportString>
		<joyDuration>4000</joyDuration>
	</JobDef>	
	
  </Defs>