<?xml version="1.0" encoding="UTF-8"?>
<Defs>

	<TerrainDef>
        <defName>TKKN_SandPath</defName>
        <label>sand path</label>
        <texturePath>TKKN_NPS/Surfaces/PackedSand</texturePath>
		<layerable>true</layerable>
        <edgeType>FadeRough</edgeType>
        <renderPrecedence>350</renderPrecedence>
        <pathCost>2</pathCost>
		<affordances>
		  <li>Light</li>
		  <li>Medium</li>
		  <li>Heavy</li>
		  <li>Diggable</li>
		</affordances>
        <statBases>
            <Beauty>0</Beauty>
            <Cleanliness>0</Cleanliness>
        </statBases>
        <scatterType>SoftDry</scatterType>
        <generatedFilth />
        <fertility>0</fertility>
        <holdSnow>true</holdSnow>
        <takeFootprints>False</takeFootprints>
    </TerrainDef>
	
	 <TerrainDef>
        <defName>TKKN_DirtPath</defName>
        <label>dirt path</label>
		<layerable>true</layerable>
        <texturePath>TKKN_NPS/Surfaces/PackedDirt</texturePath>
        <edgeType>FadeRough</edgeType>
        <renderPrecedence>350</renderPrecedence>
        <pathCost>1</pathCost>
		<affordances>
		  <li>Light</li>
		  <li>Medium</li>
		  <li>Heavy</li>
		  <li>Diggable</li>
		</affordances>
        <statBases>
            <Beauty>0</Beauty>
            <Cleanliness>0</Cleanliness>
        </statBases>
        <scatterType>SoftDry</scatterType>
        <generatedFilth />
        <fertility>0</fertility>
        <holdSnow>true</holdSnow>
        <takeFootprints>False</takeFootprints>
    </TerrainDef>
	
	
    <TerrainDef>
        <defName>TKKN_SaltField</defName>
        <label>salt field</label>
        <texturePath>TKKN_NPS/Surfaces/saltField</texturePath>
        <edgeType>FadeRough</edgeType>
        <renderPrecedence>375</renderPrecedence>
        <pathCost>12</pathCost>
        <scatterType>Rocky</scatterType>
        <statBases>
            <Beauty>+1</Beauty>
            <Cleanliness>-2</Cleanliness>
        </statBases>
        <generatedFilth>Filth_Dirt</generatedFilth>
        <fertility>0.1</fertility>
        <takeFootprints>True</takeFootprints>
        <acceptFilth>false</acceptFilth>
        <avoidWander>true</avoidWander>
		<extraNonDraftedPerceivedPathCost>80</extraNonDraftedPerceivedPathCost>
		<extraDraftedPerceivedPathCost>8</extraDraftedPerceivedPathCost>
		
    </TerrainDef>
    <TerrainDef>
        <defName>TKKN_Lava</defName>
        <label>Lava</label>
        <texturePath>TKKN_NPS/Surfaces/Lava</texturePath>
        <waterDepthShader>Map/WaterDepth</waterDepthShader>
        <edgeType>Water</edgeType>
        <renderPrecedence>398</renderPrecedence>
        <passability>Standable</passability>
        <pathCost>2000</pathCost>
        <acceptFilth>false</acceptFilth>
        <fertility>0</fertility>
        <avoidWander>true</avoidWander>
        <changeable>false</changeable>
        <holdSnow>false</holdSnow>
        <takeSplashes>false</takeSplashes>
        <statBases>
            <Beauty>+2</Beauty>
            <Cleanliness>-2</Cleanliness>
        </statBases>
        <tags>
            <li>Lava</li>
        </tags>
		<extraNonDraftedPerceivedPathCost>200</extraNonDraftedPerceivedPathCost>
		<extraDraftedPerceivedPathCost>30</extraDraftedPerceivedPathCost>
    </TerrainDef>
    <TerrainDef>
        <defName>TKKN_LavaDeep</defName>
        <label>Lava</label>
        <texturePath>TKKN_NPS/Surfaces/Lava</texturePath>
        <waterDepthShader>Map/WaterDepth</waterDepthShader>
        <edgeType>Water</edgeType>
        <renderPrecedence>398</renderPrecedence>
        <passability>Impassable</passability>
        <pathCost>2000</pathCost>
        <acceptFilth>false</acceptFilth>
        <fertility>0</fertility>
        <avoidWander>true</avoidWander>
        <changeable>false</changeable>
        <holdSnow>false</holdSnow>
        <takeSplashes>false</takeSplashes>
        <statBases>
            <Beauty>+2</Beauty>
            <Cleanliness>-2</Cleanliness>
        </statBases>
        <tags>
            <li>Lava</li>
        </tags>
    </TerrainDef>
      <TerrainDef ParentName="WaterShallowBase">
        <defName>TKKN_ColdSpringsWater</defName>
        <label>cold spring</label>
        <texturePath>TKKN_NPS/Surfaces/springWater</texturePath>
		<waterDepthShader>Map/WaterDepth</waterDepthShader>
		<renderPrecedence>394</renderPrecedence>
		<driesTo>Gravel</driesTo>
		<statBases>
            <Beauty>+2</Beauty>
        </statBases>
        <tags>
            <li>Spring</li>
        </tags>
		<fertility>0.001</fertility>
    </TerrainDef>
    <TerrainDef ParentName="WaterShallowBase">
        <defName>TKKN_HotSpringsWater</defName>
        <label>hot spring</label>
        <texturePath>TKKN_NPS/Surfaces/springWater</texturePath>
		<waterDepthShader>Map/WaterDepth</waterDepthShader>
		<renderPrecedence>394</renderPrecedence>
		<driesTo>Gravel</driesTo>
        <statBases>
            <Beauty>+2</Beauty>
        </statBases>
        <tags>
            <li>Spring</li>
        </tags>
		<fertility>0.001</fertility>
    </TerrainDef>
    <TerrainDef>
        <defName>TKKN_SoilWet</defName>
        <label>Wet Soil</label>
        <texturePath>TKKN_NPS/Surfaces/wetSoil</texturePath>
        <edgeType>FadeRough</edgeType>
        <renderPrecedence>375</renderPrecedence>
        <pathCost>12</pathCost>
        <scatterType>Rocky</scatterType>
        <affordances>
            <li>Light</li>
      <li>Medium</li>
            <li>Heavy</li>
            <li>GrowSoil</li>
            <li>Diggable</li>
        </affordances>
        <tags>
            <li>WetRain</li>
        </tags>
        <statBases>
            <Beauty>+1</Beauty>
            <Cleanliness>-2</Cleanliness>
        </statBases>
        <generatedFilth>Filth_Dirt</generatedFilth>
        <fertility>1.8</fertility>
        <takeFootprints>True</takeFootprints>
        <acceptFilth>True</acceptFilth>
        <avoidWander>True</avoidWander>
        <driesTo>Soil</driesTo>
    </TerrainDef>
    <TerrainDef>
        <defName>TKKN_SoilWetRich</defName>
        <label>Wet Rich Soil</label>
        <texturePath>TKKN_NPS/Surfaces/wetSoilRich</texturePath>
        <edgeType>FadeRough</edgeType>
        <renderPrecedence>375</renderPrecedence>
        <pathCost>12</pathCost>
        <scatterType>Rocky</scatterType>
        <affordances>
            <li>Light</li>
      <li>Medium</li>
            <li>Heavy</li>
            <li>GrowSoil</li>
            <li>Diggable</li>
        </affordances>
        <tags>
            <li>WetRain</li>
        </tags>
        <statBases>
            <Beauty>+1</Beauty>
            <Cleanliness>-2</Cleanliness>
        </statBases>
        <generatedFilth>Filth_Dirt</generatedFilth>
        <fertility>2.2</fertility>
        <takeFootprints>True</takeFootprints>
        <acceptFilth>True</acceptFilth>
        <avoidWander>True</avoidWander>
        <driesTo>SoilRich</driesTo>
    </TerrainDef>
    <TerrainDef>
        <defName>TKKN_SandWet</defName>
        <label>Wet Sand</label>
        <texturePath>TKKN_NPS/Surfaces/wetSand</texturePath>
        <edgeType>FadeRough</edgeType>
        <renderPrecedence>375</renderPrecedence>
        <pathCost>12</pathCost>
        <scatterType>Rocky</scatterType>
        <statBases>
            <Beauty>+1</Beauty>
            <Cleanliness>-2</Cleanliness>
        </statBases>
        <affordances>
            <li>Light</li>
			<li>Medium</li>
            <li>Heavy</li>
            <li>GrowSoil</li>
            <li>Diggable</li>
        </affordances>
        <tags>
            <li>Wet</li>
            <li>WetRain</li>
        </tags>
        <generatedFilth>Filth_Sand</generatedFilth>
        <fertility>2</fertility>
        <takeFootprints>True</takeFootprints>
        <acceptFilth>True</acceptFilth>
        <avoidWander>True</avoidWander>
        <driesTo>Sand</driesTo>
    </TerrainDef>
    <TerrainDef>
        <defName>TKKN_SandBeachWetSalt</defName>
        <label>wet sand</label>
        <texturePath>TKKN_NPS/Surfaces/wetSand</texturePath>
        <edgeType>FadeRough</edgeType>
        <renderPrecedence>375</renderPrecedence>
        <pathCost>12</pathCost>
        <scatterType>Rocky</scatterType>
        <statBases>
            <Beauty>+1</Beauty>
            <Cleanliness>-2</Cleanliness>
        </statBases>
        <tags>
            <li>Beach</li>
            <li>Wet</li>
            <li>WetRain</li>
        </tags>
        <generatedFilth>Filth_Sand</generatedFilth>
        <fertility>.001</fertility>
        <takeFootprints>True</takeFootprints>
        <acceptFilth>True</acceptFilth>
        <avoidWander>True</avoidWander>
        <driesTo>Sand</driesTo>
    </TerrainDef>
    <TerrainDef>
        <defName>TKKN_Ice</defName>
        <label>ice</label>
        <texturePath>TKKN_NPS/Surfaces/ice</texturePath>
        <edgeType>FadeRough</edgeType>
        <renderPrecedence>350</renderPrecedence>
        <pathCost>4</pathCost>
        <statBases>
            <Beauty>-1</Beauty>
            <Cleanliness>-1</Cleanliness>
        </statBases>
        <scatterType>SoftDry</scatterType>
        <generatedFilth />
        <fertility>0</fertility>
        <holdSnow>false</holdSnow>
        <takeFootprints>False</takeFootprints>
        <tags>
            <li>Frozen</li>
        </tags>
    </TerrainDef>
    <TerrainDef>
        <defName>TKKN_MuddyIce</defName>
        <label>ice</label>
        <texturePath>TKKN_NPS/Surfaces/muddyIce</texturePath>
        <edgeType>FadeRough</edgeType>
        <renderPrecedence>350</renderPrecedence>
        <pathCost>4</pathCost>
        <statBases>
            <Beauty>-1</Beauty>
            <Cleanliness>-1</Cleanliness>
        </statBases>
        <scatterType>SoftDry</scatterType>
        <generatedFilth />
        <fertility>0</fertility>
        <takeFootprints>False</takeFootprints>
        <tags>
            <li>Frozen</li>
        </tags>
    </TerrainDef>
    <TerrainDef>
        <defName>TKKN_WetMossyTerrain</defName>
        <label>wet lichen-covered dirt</label>
        <texturePath>TKKN_NPS/Surfaces/wetMossy</texturePath>
        <edgeType>FadeRough</edgeType>
        <renderPrecedence>350</renderPrecedence>
        <pathCost>4</pathCost>
        <statBases>
            <Beauty>-1</Beauty>
            <Cleanliness>-1</Cleanliness>
        </statBases>
        <scatterType>SoftDry</scatterType>
        <tags>
            <li>Wet</li>
        </tags>
        <affordances>
            <li>Light</li>
      <li>Medium</li>
            <li>Heavy</li>
            <li>GrowSoil</li>
            <li>Diggable</li>
        </affordances>
        <generatedFilth>Filth_Dirt</generatedFilth>
        <fertility>1.8</fertility>
        <takeFootprints>True</takeFootprints>
        <acceptFilth>false</acceptFilth>
        <avoidWander>true</avoidWander>
        <driesTo>MossyTerrain</driesTo>
    </TerrainDef>
    <TerrainDef>
        <defName>TKKN_RiverDeposit</defName>
        <label>river deposit</label>
        <texturePath>Terrain/Surfaces/SoilRich</texturePath>
        <edgeType>FadeRough</edgeType>
        <renderPrecedence>350</renderPrecedence>
        <pathCost>4</pathCost>
        <statBases>
            <Beauty>-1</Beauty>
            <Cleanliness>-1</Cleanliness>
        </statBases>
        <scatterType>SoftDry</scatterType>
        <tags>
            <li>Wet</li>
            <li>WetFlood</li>
        </tags>
        <affordances>
			<li>Bridgeable</li>
            <li>Light</li>
			<li>Medium</li>
            <li>GrowSoil</li>
            <li>Diggable</li>
        </affordances>
        <generatedFilth>Filth_Dirt</generatedFilth>
        <fertility>2</fertility>
        <takeFootprints>True</takeFootprints>
        <acceptFilth>false</acceptFilth>
        <avoidWander>true</avoidWander>
        <driesTo>SoilRich</driesTo>
    </TerrainDef>
    <!-- FLOORS -->
    <TerrainDef ParentName="FlagstoneBase">
        <defName>TKKN_FlagstoneBasalt</defName>
        <label>basalt flagstone</label>
        <color>(50,50,50)</color>
        <costList>
            <TKKN_BlockLava>4</TKKN_BlockLava>
        </costList>
    </TerrainDef>
    <TerrainDef ParentName="TileStoneBase">
        <defName>TKKN_TileBasalt</defName>
        <label>basalt tile</label>
        <color>(50,50,50)</color>
        <costList>
            <TKKN_BlockLava>4</TKKN_BlockLava>
        </costList>
    </TerrainDef>
	

  <TerrainDef Abstract="True" ParentName="FloorBase" Name="SpecialTileBase">
	<renderPrecedence>220</renderPrecedence>
	<description>Carefully-cut and fit fancy tiles. They are pretty to look at, but they take a long time to lay.</description>
	<texturePath>Terrain/Surfaces/GenericFloorTile</texturePath>
	<statBases>
	  <WorkToBuild>1100</WorkToBuild>
	  <Beauty>1</Beauty>
	</statBases>
	<designatorDropdown>Floor_Special_Tile</designatorDropdown>
	<constructionSkillPrerequisite>3</constructionSkillPrerequisite>
  </TerrainDef>
  
  <TerrainDef Abstract="True" ParentName="FloorBase" Name="SpecialPlankBase">
	<renderPrecedence>220</renderPrecedence>
	<description>Carefully-cut and fit fancy planks. They are pretty to look at, but they take a long time to lay.</description>
	<texturePath>Terrain/Surfaces/WoodFloor</texturePath>
	<statBases>
	  <WorkToBuild>1100</WorkToBuild>
	  <Beauty>1</Beauty>
	</statBases>
	<designatorDropdown>Floor_Special_Plank</designatorDropdown>
	<constructionSkillPrerequisite>3</constructionSkillPrerequisite>
  </TerrainDef>
  
	
    <TerrainDef ParentName="SpecialPlankBase">
        <defName>TKKN_FloorRedWood</defName>
        <label>red wood floor</label>
        <texturePath>Terrain/Surfaces/WoodFloor</texturePath>
        <color>(102,41,20)</color>
        <costList>
            <RedWoodLog>4</RedWoodLog>
        </costList>
    </TerrainDef>
	
    <TerrainDef ParentName="SpecialPlankBase">
        <defName>TKKN_FloorPertrifiedWood</defName>
        <label>petrified wood floor</label>
        <color>(66,44,4)</color>
        <costList>
            <TKKN_PetrifiedWood>4</TKKN_PetrifiedWood>
        </costList>
    </TerrainDef>

    <TerrainDef ParentName="SpecialPlankBase">
        <defName>TKKN_FloorPertrifiedWood</defName>
        <label>petrified wood tile floor</label>
        <color>(66,44,4)</color>
        <costList>
            <TKKN_PetrifiedWood>6</TKKN_PetrifiedWood>
        </costList>
    </TerrainDef>
	
	
    <TerrainDef ParentName="SpecialTileBase">
        <defName>TKKN_FloorAmber</defName>
        <label>amber tile floor</label>
        <texturePath>Terrain/Surfaces/GenericFloorTile</texturePath>
        <color>(224,147,4)</color>
        <costList>
            <TKKN_Amber>6</TKKN_Amber>
        </costList>
    </TerrainDef>
	
    <TerrainDef ParentName="FloorBase">
        <defName>TKKN_Salted_Earth</defName>
        <label>salted earth</label>
        <description>Dirt with salt mixed in. Nothing will grow here for a long time.</description>
        <texturePath>TKKN_NPS/Surfaces/Saltedearth</texturePath>
        <edgeType>FadeRough</edgeType>
        <renderPrecedence>70</renderPrecedence>
        <statBases>
            <Beauty>-1</Beauty>
            <WorkToBuild>100</WorkToBuild>
        </statBases>
        <costList>
            <TKKN_Salt>2</TKKN_Salt>
        </costList>
        <designationHotKey>Misc6</designationHotKey>
    </TerrainDef>
</Defs>