<?xml version="1.0" encoding="utf-8" ?>
<Defs>
  <ThingDef ParentName="EtherealThingBase">
    <defName>TKKN_DustDevil</defName>
    <label>dustdevil</label>
    <thingClass>TKKN_NPS.DustDevil</thingClass>
    <tickerType>Normal</tickerType>
    <drawerType>RealtimeOnly</drawerType>
    <drawOffscreen>true</drawOffscreen>
    <seeThroughFog>true</seeThroughFog>
    <alwaysFlee>true</alwaysFlee>
    <comps>
      <li Class="CompProperties_WindSource" />
    </comps>
  </ThingDef>

  
  <ThingDef ParentName="BuildingBase">
    <defName>TKKN_Sculpture_Shell</defName>
    <label>sea shell</label>
    <description>The beautiful, hard, protective shell of long dead sea animals.</description>
    <graphicData>
      <graphicClass>Graphic_Random</graphicClass>
      <texPath>TKKN_NPS/Things/Sculptures/Shells</texPath>
      <drawRotated>false</drawRotated>
    </graphicData>
    <fillPercent>0.15</fillPercent>
    <altitudeLayer>Building</altitudeLayer>
    <hasInteractionCell>false</hasInteractionCell>
    <passability>PassThroughOnly</passability>
    <pathCost>50</pathCost>
    <minifiedDef>MinifiedThing</minifiedDef>
    <thingCategories>
      <li>BuildingsArt</li>
    </thingCategories>
    <socialPropernessMatters>true</socialPropernessMatters>
    <statBases>
      <MaxHitPoints>75</MaxHitPoints>
      <Flammability>1.0</Flammability>
      <MarketValue>200</MarketValue>
      <Mass>7.5</Mass>
    </statBases>
  </ThingDef>
  
  
  <ThingDef ParentName="BuildingBase">
    <defName>TKKN_RedwoodDead</defName>
    <label>redwood</label>
    <description>A huge, dead tree. Its roots are shallow, and when it gets too large, it topples over. \n\n Yeilds red wood, which is valuable and rare.</description>
      <graphicData>
         <texPath>TKKN_NPS/Things/Plant/TreeRedwoodDead</texPath>
         <graphicClass>Graphic_Random</graphicClass>
         <drawRotated>false</drawRotated>
         <shadowData>
            <volume>(0.55, 0.2, 0.2)</volume>
            <offset>(0,0,-0.25)</offset>
         </shadowData>
      <drawSize>(9,3)</drawSize>
    </graphicData>
    <comps />
    <tickerType>Rare</tickerType>
    <altitudeLayer>Building</altitudeLayer>
    <passability>Impassable</passability>
    <selectable>true</selectable>
    <destroyable>true</destroyable>
    <useHitPoints>true</useHitPoints>
    <repairEffect/>
    <costList>
      <RedWoodLog>200</RedWoodLog>
   </costList>    
   <statBases>
      <MaxHitPoints>3000</MaxHitPoints>
      <WorkToBuild>4000</WorkToBuild>
      <Flammability>0</Flammability>
      <Beauty>15</Beauty>
    </statBases>
    <fillPercent>0.15</fillPercent>
	<building>
		<ai_chillDestination>true</ai_chillDestination>
		<deconstructible>true</deconstructible>
	</building>
    <rotatable>false</rotatable>
  </ThingDef>
  
  
  
  <ThingDef ParentName="BuildingBase">
    <defName>TKKN_Lava_Spring</defName>
    <label>Lava Eruption</label>
    <thingClass>TKKN_NPS.Lava_Spring</thingClass>	
    <description>Spews molten lava, which hardens into lava rock.</description>
    <graphicData>
      <texPath>TKKN_NPS/Things/Building/coldSpring</texPath>
      <graphicClass>Graphic_Single</graphicClass>
      <damageData>
        <rect>(0.2,0.2,0.6,0.6)</rect>
      </damageData>
    </graphicData>
    <comps>
	   <li Class="CompProperties_Glower">
        <glowRadius>12</glowRadius>
        <glowColor>(128,148,0,60)</glowColor>
      </li>
      <li Class="TKKN_NPS.CompProperties_SpringLava">
        <radius>7</radius>
        <dryTile>TKKN_LavaRock_RoughHewn</dryTile>
        <wetTile>TKKN_Lava</wetTile>      
        <deepTile>TKKN_Lava</deepTile>
        <temperature>+20</temperature>
        <spawnProp>TKKN_LavaRock</spawnProp>
		<weight>2000</weight>
		<howOftenToChange>8000</howOftenToChange>
		<commonBiome></commonBiome>
		<canReproduce>true</canReproduce>
		<borderSize>2</borderSize>
		<startingRadius>0</startingRadius>
      </li>
    </comps>
    <tickerType>Rare</tickerType>
    <altitudeLayer>Floor</altitudeLayer>
    <passability>PassThroughOnly</passability>
    <selectable>false</selectable>
    <destroyable>true</destroyable>
    <useHitPoints>false</useHitPoints>
    <statBases>
      <Flammability>0</Flammability>
      <Beauty>25</Beauty>
    </statBases>
    <fillPercent>0.15</fillPercent>
		<building>
			<ai_chillDestination>true</ai_chillDestination>
		</building>
    <rotatable>false</rotatable>
  </ThingDef>
  

    <ThingDef ParentName="BuildingBase">
    <defName>TKKN_ColdSpring</defName>
    <label>Cold Spring</label>
    <thingClass>TKKN_NPS.Spring</thingClass>	
    <description>Very cold water from under the earth. The water keeps the air around it cool.</description>
    <graphicData>
      <texPath>TKKN_NPS/Things/Building/coldSpring</texPath>
      <graphicClass>Graphic_Single</graphicClass>
    </graphicData>
    <comps>
      <li Class="TKKN_NPS.CompProperties_SpringWater">
        <radius>3</radius>
        <dryTile>SoilRich</dryTile>      
        <wetTile>TKKN_ColdSpringsWater</wetTile>      
        <deepTile>WaterDeep</deepTile>      
        <temperature>-20</temperature>
        <spawnProp>Plant_Ambrosia</spawnProp>
		<weight>2000</weight>
		<howOftenToChange>0</howOftenToChange>
		<commonBiome></commonBiome>
		<borderSize>3</borderSize>
		<canReproduce>false</canReproduce>
		<startingRadius>2</startingRadius>
      </li>
    </comps>
    <tickerType>Rare</tickerType>
    <altitudeLayer>Floor</altitudeLayer>
    <passability>PassThroughOnly</passability>
    <selectable>false</selectable>
    <destroyable>true</destroyable>
    <useHitPoints>false</useHitPoints>
    <statBases>
      <Flammability>0</Flammability>
      <Beauty>25</Beauty>
    </statBases>
    <fillPercent>0.15</fillPercent>
		<building>
			<ai_chillDestination>true</ai_chillDestination>
		</building>
    <rotatable>false</rotatable>
  </ThingDef>
  
<ThingDef ParentName="BuildingBase">
    <defName>TKKN_OasisSpring</defName>
    <label>Oasis</label>
    <thingClass>TKKN_NPS.Spring</thingClass>	
    <description>Very cold water from under the earth. The water keeps the air around it cool.</description>
    <graphicData>
      <texPath>TKKN_NPS/Things/Building/coldSpring</texPath>
      <graphicClass>Graphic_Single</graphicClass>
      <damageData>
        <rect>(0.2,0.2,0.6,0.6)</rect>
      </damageData>
    </graphicData>
    <comps>
      <li Class="TKKN_NPS.CompProperties_SpringWater">
        <radius>15</radius>
        <dryTile>TKKN_RiverDeposit</dryTile>      
        <wetTile>TKKN_ColdSpringsWater</wetTile>      
        <deepTile>WaterDeep</deepTile>      
        <temperature>-20</temperature>
        <spawnProp>Plant_Ambrosia</spawnProp>
		<weight>2000</weight>
		<howOftenToChange>0</howOftenToChange>
		<commonBiome></commonBiome>
		<canReproduce>false</canReproduce>
		<borderSize>12</borderSize>
		<startingRadius>14</startingRadius>
      </li>
    </comps>
    <tickerType>Rare</tickerType>
    <altitudeLayer>Floor</altitudeLayer>
    <passability>PassThroughOnly</passability>
    <selectable>false</selectable>
    <destroyable>true</destroyable>
    <useHitPoints>false</useHitPoints>
    <statBases>
      <Flammability>0</Flammability>
      <Beauty>25</Beauty>
    </statBases>
    <fillPercent>0.15</fillPercent>
		<building>
			<ai_chillDestination>true</ai_chillDestination>
		</building>
    <rotatable>false</rotatable>
  </ThingDef>
  
  
    <ThingDef ParentName="BuildingBase">
    <defName>TKKN_HotSpring</defName>
    <label>Hot Spring</label>
    <thingClass>TKKN_NPS.Spring</thingClass>
    <description>Water naturally heated by the earth. The water has healing properties.</description>
    <graphicData>
      <texPath>TKKN_NPS/Things/Building/hotSpring</texPath>
      <graphicClass>Graphic_Single</graphicClass>
      <damageData>
        <rect>(0.2,0.2,0.6,0.6)</rect>
      </damageData>
    </graphicData>
    <comps>
      <li Class="TKKN_NPS.CompProperties_SpringWater">
        <radius>3</radius>
        <dryTile>TKKN_RiverDeposit</dryTile>      
        <wetTile>TKKN_HotSpringsWater</wetTile>      
        <deepTile>WaterDeep</deepTile>      
        <spawnProp>Plant_Healroot</spawnProp>
        <temperature>20</temperature>
		<weight>2000</weight>
		<commonBiome></commonBiome>		
		<howOftenToChange>0</howOftenToChange>
		<canReproduce>false</canReproduce>
		<startingRadius>2</startingRadius>
		<borderSize>3</borderSize>
      </li>
    </comps>
    <tickerType>Rare</tickerType>
    <altitudeLayer>Floor</altitudeLayer>
    <passability>PassThroughOnly</passability>
    <selectable>false</selectable>
    <destroyable>true</destroyable>
    <useHitPoints>false</useHitPoints>
    <statBases>
      <Flammability>0</Flammability>
      <Beauty>25</Beauty>
    </statBases>
    <fillPercent>0.15</fillPercent>
		<building>
			<ai_chillDestination>true</ai_chillDestination>
		</building>
    <rotatable>false</rotatable>
  </ThingDef>
  
   
  
  <ThingDef ParentName="BuildingNaturalBase">
    <defName>TKKN_SteamVent</defName>
    <thingClass>TKKN_NPS.Building_SteamVent</thingClass>
    <label>steam vent</label>
    <graphicData>
      <texPath>TKKN_NPS/Things/Building/Steamvent</texPath>
      <graphicClass>Graphic_Single</graphicClass>
      <shaderType>Transparent</shaderType>
      <drawSize>(1,1)</drawSize>
    </graphicData>
    <altitudeLayer>Floor</altitudeLayer>
	<rotatable>true</rotatable>
    <destroyable>true</destroyable>
    <useHitPoints>false</useHitPoints>
    <tickerType>Normal</tickerType>
    <selectable>true</selectable>
    <description>Temporary natural steam source from lava rock.</description>
    <size>(1,1)</size>
    <neverOverlapFloors>true</neverOverlapFloors>
    <blockPlants>true</blockPlants>
    <building>
      <isEdifice>false</isEdifice>
      <claimable>false</claimable>
      <deconstructible>false</deconstructible>
    </building>
  </ThingDef>

  
  
  
  <ThingDef ParentName="BuildingBase">
    <defName>TKKN_SteamGenerator</defName>
    <label>steam generator</label>
    <thingClass>Building</thingClass>
    <graphicData>
      <texPath>TKKN_NPS/Things/Building/SteamGenerator</texPath>
      <graphicClass>Graphic_Single</graphicClass>
      <drawSize>(3,3)</drawSize>
      <damageData>
        <rect>(0.3,0,5.4,6)</rect>
      </damageData>
    </graphicData>
    <altitudeLayer>Building</altitudeLayer>
    <passability>Impassable</passability>
	<minifiedDef>MinifiedThing</minifiedDef>
    <thingCategories>
      <li>BuildingsPower</li>
    </thingCategories>	
    <blockWind>true</blockWind>
    <castEdgeShadows>true</castEdgeShadows>
		<scatterableOnMapGen>false</scatterableOnMapGen>
		<fillPercent>1</fillPercent>
    <blockLight>true</blockLight>
    <canOverlapZones>false</canOverlapZones>
    <statBases>
      <MaxHitPoints>500</MaxHitPoints>
      <WorkToBuild>500</WorkToBuild>
      <Flammability>1.0</Flammability>
      <Beauty>-30</Beauty>
      <Mass>10</Mass>
    </statBases>
    <tickerType>Normal</tickerType>
    <description>Produces electricity from steam vents in lava fields. Must be placed on a steam vent.</description>
    <size>(3,3)</size>
    <costList>
      <Steel>100</Steel>
      <ComponentIndustrial>1</ComponentIndustrial>
    </costList>
    <comps>
      <li Class="CompProperties_Power">
        <compClass>CompPowerPlantSteam</compClass>
        <basePowerConsumption>-400</basePowerConsumption>
        <transmitsPower>true</transmitsPower>
      </li>
      <li Class="CompProperties_Breakdownable"/>
    </comps>
    <rotatable>false</rotatable>
    <terrainAffordanceNeeded>Heavy</terrainAffordanceNeeded>
    <designationCategory>Power</designationCategory>
    <staticSunShadowHeight>.5</staticSunShadowHeight>
    <placeWorkers>
      <li>TKKN_NPS.PlaceWorker_OnSteamVent</li>
    </placeWorkers>
    <building>
			<ai_chillDestination>false</ai_chillDestination>
			<soundAmbient>GeothermalPlant_Ambience</soundAmbient>
    </building>
    <constructEffect>ConstructMetal</constructEffect>
    <designationHotKey>Misc6</designationHotKey>
    <researchPrerequisites>
      <li>Electricity</li>	
	</researchPrerequisites>
    <constructionSkillPrerequisite>4</constructionSkillPrerequisite>
  </ThingDef>
  
<!-- ThingDef ParentName="BuildingBase">
    <defName>TKKN_Well</defName>
    <label>well</label>
    <thingClass>Building</thingClass>
    <graphicData>
      <texPath>TKKN_NPS/Things/Building/Well</texPath>
      <graphicClass>Graphic_Single</graphicClass>
      <drawSize>(1,1)</drawSize>
      <damageData>
        <rect>(0.3,0,5.4,6)</rect>
      </damageData>
    </graphicData>
    <altitudeLayer>Building</altitudeLayer>
    <passability>Impassable</passability>
	<minifiedDef>MinifiedThing</minifiedDef>
    <blockWind>true</blockWind>
    <castEdgeShadows>true</castEdgeShadows>
		<scatterableOnMapGen>false</scatterableOnMapGen>
		<fillPercent>1</fillPercent>
    <blockLight>true</blockLight>
    <canOverlapZones>false</canOverlapZones>
    <statBases>
      <MaxHitPoints>500</MaxHitPoints>
      <WorkToBuild>500</WorkToBuild>
      <Flammability>1.0</Flammability>
      <Beauty>-30</Beauty>
    </statBases>
    <tickerType>Normal</tickerType>
    <description>Place near a growing zone to provide water to plants in the zone.</description>
    <size>(1,1)</size>
    <costList>
      <WoodLog>50</WoodLog>
      <Steel>5</Steel>
    </costList>    
    <rotatable>false</rotatable>
    <terrainAffordanceNeeded>Light</terrainAffordanceNeeded>
    <designationCategory>Misc</designationCategory>
    <staticSunShadowHeight>.5</staticSunShadowHeight>
    <building>
		<ai_chillDestination>false</ai_chillDestination>
    </building>
    <constructEffect>ConstructWood</constructEffect>
    <designationHotKey>Misc6</designationHotKey>
  </ThingDef -->
  </Defs>