<?xml version="1.0" encoding="utf-8" ?>
<Defs>
	<HediffDef>
		<defName>TKKN_Wetness</defName>
		<defaultLabelColor>(0.8, 0.8, 0.35)</defaultLabelColor>
		<hediffClass>TKKN_NPS.Hediff_Wetness</hediffClass>
		<description>Level of liquid saturation</description>
		<label>wetness</label>
		<stages>
		  <li>
			<label>dry</label>
			<minSeverity>0</minSeverity>
		  </li>
		  <li>
			<label>damp</label>
			<minSeverity>0.04</minSeverity>
		  </li>
		  <li>
			<label>soggy</label>
			<minSeverity>0.35</minSeverity>
		  </li>
		  <li>
			<label>wet</label>
			<minSeverity>0.62</minSeverity>
		  </li>
		  <li>
			<label>soaked</label>
			<minSeverity>0.8</minSeverity>
		  </li>
		</stages>
	</HediffDef>

	
  <HediffDef>
    <defName>TKKN_Drowning</defName>
    <label>drowning</label>
    <lethalSeverity>1</lethalSeverity>
    <scenarioCanAdd>true</scenarioCanAdd>
	<description>Too much liquid!</description>
    <stages>
       <li>
        <label>treading water</label>
        <minSeverity>0.2</minSeverity>
        <capMods>
          <li>
            <capacity>Moving</capacity>
            <offset>-0.1</offset>
          </li>
          <li>
            <capacity>Manipulation</capacity>
            <offset>-0.2</offset>
          </li>
          <li>
            <capacity>Consciousness</capacity>
            <offset>-0.10</offset>
          </li>
        </capMods>
      </li>
      <li>
        <label>floundering</label>
        <minSeverity>0.35</minSeverity>
        <painOffset>0.15</painOffset>
        <capMods>
          <li>
            <capacity>Moving</capacity>
            <offset>-0.3</offset>
          </li>
          <li>
            <capacity>Manipulation</capacity>
            <offset>-0.5</offset>
          </li>
          <li>
            <capacity>Consciousness</capacity>
            <offset>-0.20</offset>
          </li>
        </capMods>
      </li>
      <li>
        <label>drowning</label>
        <minSeverity>0.62</minSeverity>
        <lifeThreatening>true</lifeThreatening>
        <painOffset>0.30</painOffset>
        <capMods>
          <li>
            <capacity>Consciousness</capacity>
            <setMax>0.1</setMax>
          </li>
        </capMods>
      </li>
    </stages>
  </HediffDef>
</Defs>